{
"skeleton": {
	"hash": "pToMIcOdJ0YoKFNFiNuU/zoMj3Y",
	"spine": "3.8.75",
	"x": -30.87,
	"y": 32.32,
	"width": 151,
	"height": 156,
	"images": "",
	"audio": "C:\\Users\\22348\\Downloads\\axe (2)"
},
"bones": [
	{ "name": "root" },
	{ "name": "Layer 2-1", "parent": "root", "x": 0.35, "y": 0.35 }
],
"slots": [
	{ "name": "Layer 2-1", "bone": "Layer 2-1", "attachment": "axe01-0" }
],
"skins": [
	{
		"name": "axe",
		"attachments": {
			"Layer 2-1": {
				"axe01-0": { "name": "builds/axe/axe01/axe01-0", "x": 4.5, "y": 67.9, "width": 151, "height": 156 }
			}
		}
	},
	{
		"name": "goldenaxe",
		"attachments": {
			"Layer 2-1": {
				"axe01-0": { "name": "builds/goldenaxe/axe01/axe01-0", "x": 44.28, "y": 109.97, "width": 151, "height": 156 }
			}
		}
	}
],
"animations": {
	"axe/idle": {
		"slots": {
			"Layer 2-1": {
				"attachment": [
					{ "time": 0.0333, "name": "axe01-0" }
				]
			}
		},
		"bones": {
			"Layer 2-1": {
				"rotate": [
					{ "time": 0.0333 }
				],
				"translate": [
					{ "time": 0.0333 }
				],
				"scale": [
					{ "time": 0.0333 }
				],
				"shear": [
					{ "time": 0.0333 }
				]
			}
		},
		"drawOrder": [
			{ "time": 0.0333 }
		]
	},
	"axe/root/scale": {
		"bones": {
			"Layer 2-1": {
				"scale": [
					{},
					{ "time": 1, "x": 2, "y": 2 }
				]
			}
		}
	}
}
}
